{"timestamps": [1479216069.160129, 1479216077.424117, 1479216085.632146, 1479216093.836117, 1479216102.032117, 1479216110.252116], "initial_reset_timestamp": 1479216060.889676, "episode_lengths": [172, 172, 172, 172, 172, 172], "episode_rewards": [-0.17499999981373549, -0.2199999988079071, -0.20499999914318323, -0.1600000001490116, -0.20499999914318323, -0.20499999914318323]}